[{"id":"user-image-HungryUS_1.png","publicUrl":"np://user.desktop.nicepage.com/Site_2460725406/images/HungryUS_1.png","size":1763772,"fileName":"HungryUS_1.png","name":"HungryUS_1","width":7680,"height":4640,"thumbnail":{"url":"np://user.desktop.nicepage.com/Site_2460725406/images/thumbnails/HungryUS_1.png","width":250,"height":151}},{"id":"user-image-hungryUS_user_research_1.png","publicUrl":"np://user.desktop.nicepage.com/Site_2460725406/images/hungryUS_user_research_1.png","size":944285,"fileName":"hungryUS_user_research_1.png","name":"hungryUS_user_research_1","width":6272,"height":2628,"thumbnail":{"url":"np://user.desktop.nicepage.com/Site_2460725406/images/thumbnails/hungryUS_user_research_1.png","width":250,"height":105}},{"id":"user-image-hungryUS_user_research_2.png","publicUrl":"np://user.desktop.nicepage.com/Site_2460725406/images/hungryUS_user_research_2.png","size":1306546,"fileName":"hungryUS_user_research_2.png","name":"hungryUS_user_research_2","width":6272,"height":3968,"thumbnail":{"url":"np://user.desktop.nicepage.com/Site_2460725406/images/thumbnails/hungryUS_user_research_2.png","width":250,"height":158}},{"id":"user-image-Group693.png","publicUrl":"np://user.desktop.nicepage.com/Site_2460725406/images/Group693.png","size":468997,"fileName":"Group693.png","name":"Group693","width":6348,"height":3888,"thumbnail":{"url":"np://user.desktop.nicepage.com/Site_2460725406/images/thumbnails/Group693.png","width":250,"height":153}},{"id":"user-image-Group692.png","publicUrl":"np://user.desktop.nicepage.com/Site_2460725406/images/Group692.png","size":1112624,"fileName":"Group692.png","name":"Group692","width":6348,"height":3888,"thumbnail":{"url":"np://user.desktop.nicepage.com/Site_2460725406/images/thumbnails/Group692.png","width":250,"height":153}},{"id":"user-image-Group696.png","publicUrl":"np://user.desktop.nicepage.com/Site_2460725406/images/Group696.png","size":851674,"fileName":"Group696.png","name":"Group696","width":6272,"height":4044,"thumbnail":{"url":"np://user.desktop.nicepage.com/Site_2460725406/images/thumbnails/Group696.png","width":250,"height":161}},{"id":"user-image-Group695.png","publicUrl":"np://user.desktop.nicepage.com/Site_2460725406/images/Group695.png","size":1079848,"fileName":"Group695.png","name":"Group695","width":6272,"height":4044,"thumbnail":{"url":"np://user.desktop.nicepage.com/Site_2460725406/images/thumbnails/Group695.png","width":250,"height":161}},{"id":"user-image-Group694.png","publicUrl":"np://user.desktop.nicepage.com/Site_2460725406/images/Group694.png","size":1323205,"fileName":"Group694.png","name":"Group694","width":6272,"height":4044,"thumbnail":{"url":"np://user.desktop.nicepage.com/Site_2460725406/images/thumbnails/Group694.png","width":250,"height":161}},{"id":"user-image-Group691.png","publicUrl":"np://user.desktop.nicepage.com/Site_2460725406/images/Group691.png","size":2282949,"fileName":"Group691.png","name":"Group691","width":6348,"height":3888,"thumbnail":{"url":"np://user.desktop.nicepage.com/Site_2460725406/images/thumbnails/Group691.png","width":250,"height":153}},{"id":"user-image-Upstyle.png","publicUrl":"np://user.desktop.nicepage.com/Site_2460725406/images/Upstyle.png","size":3716788,"fileName":"Upstyle.png","name":"Upstyle","width":7680,"height":4640,"thumbnail":{"url":"np://user.desktop.nicepage.com/Site_2460725406/images/thumbnails/Upstyle.png","width":250,"height":151}},{"id":"user-image-upstyle_context.png","publicUrl":"np://user.desktop.nicepage.com/Site_2460725406/images/upstyle_context.png","size":1404442,"fileName":"upstyle_context.png","name":"upstyle_context","width":2688,"height":2028,"thumbnail":{"url":"np://user.desktop.nicepage.com/Site_2460725406/images/thumbnails/upstyle_context.png","width":250,"height":189}},{"id":"user-image-upstyle_core_features_4.png","publicUrl":"np://user.desktop.nicepage.com/Site_2460725406/images/upstyle_core_features_4.png","size":988575,"fileName":"upstyle_core_features_4.png","name":"upstyle_core_features_4","width":3232,"height":2460,"thumbnail":{"url":"np://user.desktop.nicepage.com/Site_2460725406/images/thumbnails/upstyle_core_features_4.png","width":250,"height":190}},{"id":"user-image-upstyle_core_features_3.png","publicUrl":"np://user.desktop.nicepage.com/Site_2460725406/images/upstyle_core_features_3.png","size":1007310,"fileName":"upstyle_core_features_3.png","name":"upstyle_core_features_3","width":3232,"height":2460,"thumbnail":{"url":"np://user.desktop.nicepage.com/Site_2460725406/images/thumbnails/upstyle_core_features_3.png","width":250,"height":190}},{"id":"user-image-upstyle_core_features_1.png","publicUrl":"np://user.desktop.nicepage.com/Site_2460725406/images/upstyle_core_features_1.png","size":998009,"fileName":"upstyle_core_features_1.png","name":"upstyle_core_features_1","width":3232,"height":2460,"thumbnail":{"url":"np://user.desktop.nicepage.com/Site_2460725406/images/thumbnails/upstyle_core_features_1.png","width":250,"height":190}},{"id":"user-image-upstyle_core_features_2.png","publicUrl":"np://user.desktop.nicepage.com/Site_2460725406/images/upstyle_core_features_2.png","size":1066800,"fileName":"upstyle_core_features_2.png","name":"upstyle_core_features_2","width":3232,"height":2460,"thumbnail":{"url":"np://user.desktop.nicepage.com/Site_2460725406/images/thumbnails/upstyle_core_features_2.png","width":250,"height":190}},{"id":"user-image-Group707.png","publicUrl":"np://user.desktop.nicepage.com/Site_2460725406/images/Group707.png","size":110506,"fileName":"Group707.png","name":"Group707","width":4616,"height":944,"thumbnail":{"url":"np://user.desktop.nicepage.com/Site_2460725406/images/thumbnails/Group707.png","width":250,"height":51}},{"id":"user-image-Group708.png","publicUrl":"np://user.desktop.nicepage.com/Site_2460725406/images/Group708.png","size":54494,"fileName":"Group708.png","name":"Group708","width":3104,"height":867,"thumbnail":{"url":"np://user.desktop.nicepage.com/Site_2460725406/images/thumbnails/Group708.png","width":250,"height":70}},{"id":"user-image-Group704.png","publicUrl":"np://user.desktop.nicepage.com/Site_2460725406/images/Group704.png","size":416259,"fileName":"Group704.png","name":"Group704","width":6272,"height":4456,"thumbnail":{"url":"np://user.desktop.nicepage.com/Site_2460725406/images/thumbnails/Group704.png","width":250,"height":178}},{"id":"user-image-Group713.png","publicUrl":"np://user.desktop.nicepage.com/Site_2460725406/images/Group713.png","size":452332,"fileName":"Group713.png","name":"Group713","width":6272,"height":2892,"thumbnail":{"url":"np://user.desktop.nicepage.com/Site_2460725406/images/thumbnails/Group713.png","width":250,"height":115}},{"id":"user-image-Group706.png","publicUrl":"np://user.desktop.nicepage.com/Site_2460725406/images/Group706.png","size":1259315,"fileName":"Group706.png","name":"Group706","width":6272,"height":4956,"thumbnail":{"url":"np://user.desktop.nicepage.com/Site_2460725406/images/thumbnails/Group706.png","width":250,"height":198}},{"id":"user-image-Group703.png","publicUrl":"np://user.desktop.nicepage.com/Site_2460725406/images/Group703.png","size":2312201,"fileName":"Group703.png","name":"Group703","width":6272,"height":2632,"thumbnail":{"url":"np://user.desktop.nicepage.com/Site_2460725406/images/thumbnails/Group703.png","width":250,"height":105}},{"id":"user-image-Group705.png","publicUrl":"np://user.desktop.nicepage.com/Site_2460725406/images/Group705.png","size":2568916,"fileName":"Group705.png","name":"Group705","width":6272,"height":4456,"thumbnail":{"url":"np://user.desktop.nicepage.com/Site_2460725406/images/thumbnails/Group705.png","width":250,"height":178}},{"id":"user-image-Group709.png","publicUrl":"np://user.desktop.nicepage.com/Site_2460725406/images/Group709.png","size":1906802,"fileName":"Group709.png","name":"Group709","width":6272,"height":5660,"thumbnail":{"url":"np://user.desktop.nicepage.com/Site_2460725406/images/thumbnails/Group709.png","width":250,"height":226}},{"id":"user-image-Group712.png","publicUrl":"np://user.desktop.nicepage.com/Site_2460725406/images/Group712.png","size":2056246,"fileName":"Group712.png","name":"Group712","width":6272,"height":2572,"thumbnail":{"url":"np://user.desktop.nicepage.com/Site_2460725406/images/thumbnails/Group712.png","width":250,"height":103}},{"id":"user-image-Group711.png","publicUrl":"np://user.desktop.nicepage.com/Site_2460725406/images/Group711.png","size":3409762,"fileName":"Group711.png","name":"Group711","width":6272,"height":2520,"thumbnail":{"url":"np://user.desktop.nicepage.com/Site_2460725406/images/thumbnails/Group711.png","width":250,"height":100}},{"id":"user-image-Group710.png","publicUrl":"np://user.desktop.nicepage.com/Site_2460725406/images/Group710.png","size":4250726,"fileName":"Group710.png","name":"Group710","width":6272,"height":3248,"thumbnail":{"url":"np://user.desktop.nicepage.com/Site_2460725406/images/thumbnails/Group710.png","width":250,"height":129}},{"id":"user-image-JoviInlife.png","publicUrl":"np://user.desktop.nicepage.com/Site_2460725406/images/JoviInlife.png","size":2605850,"fileName":"JoviInlife.png","name":"JoviInlife","width":7680,"height":4640,"thumbnail":{"url":"np://user.desktop.nicepage.com/Site_2460725406/images/thumbnails/JoviInlife.png","width":250,"height":151}},{"id":"user-image-T-Text2.png","publicUrl":"np://user.desktop.nicepage.com/Site_2460725406/images/T-Text2.png","size":2280873,"fileName":"T-Text2.png","name":"T-Text2","width":7680,"height":4640,"thumbnail":{"url":"np://user.desktop.nicepage.com/Site_2460725406/images/thumbnails/T-Text2.png","width":250,"height":151}},{"id":"user-image-Group249.png","publicUrl":"np://user.desktop.nicepage.com/Site_2460725406/images/Group249.png","size":2607950,"fileName":"Group249.png","name":"Group249","width":4857,"height":2732,"thumbnail":{"url":"np://user.desktop.nicepage.com/Site_2460725406/images/thumbnails/Group249.png","width":250,"height":141}},{"id":"user-image-image73.png","publicUrl":"np://user.desktop.nicepage.com/Site_2460725406/images/image73.png","size":368090,"fileName":"image73.png","name":"image73","width":6272,"height":2468,"thumbnail":{"url":"np://user.desktop.nicepage.com/Site_2460725406/images/thumbnails/image73.png","width":250,"height":98}},{"id":"user-image-image76.png","publicUrl":"np://user.desktop.nicepage.com/Site_2460725406/images/image76.png","size":288987,"fileName":"image76.png","name":"image76","width":2304,"height":1416,"thumbnail":{"url":"np://user.desktop.nicepage.com/Site_2460725406/images/thumbnails/image76.png","width":250,"height":154}},{"id":"user-image-Group718.png","publicUrl":"np://user.desktop.nicepage.com/Site_2460725406/images/Group718.png","size":422673,"fileName":"Group718.png","name":"Group718","width":6280,"height":5176,"thumbnail":{"url":"np://user.desktop.nicepage.com/Site_2460725406/images/thumbnails/Group718.png","width":250,"height":206}},{"id":"user-image-Group715.png","publicUrl":"np://user.desktop.nicepage.com/Site_2460725406/images/Group715.png","size":535197,"fileName":"Group715.png","name":"Group715","width":6280,"height":5020,"thumbnail":{"url":"np://user.desktop.nicepage.com/Site_2460725406/images/thumbnails/Group715.png","width":250,"height":200}},{"id":"user-image-Group716.png","publicUrl":"np://user.desktop.nicepage.com/Site_2460725406/images/Group716.png","size":783261,"fileName":"Group716.png","name":"Group716","width":6280,"height":5976,"thumbnail":{"url":"np://user.desktop.nicepage.com/Site_2460725406/images/thumbnails/Group716.png","width":250,"height":238}},{"id":"user-image-Group717.png","publicUrl":"np://user.desktop.nicepage.com/Site_2460725406/images/Group717.png","size":653565,"fileName":"Group717.png","name":"Group717","width":6280,"height":3292,"thumbnail":{"url":"np://user.desktop.nicepage.com/Site_2460725406/images/thumbnails/Group717.png","width":250,"height":131}},{"id":"user-image-Group719.png","publicUrl":"np://user.desktop.nicepage.com/Site_2460725406/images/Group719.png","size":1386481,"fileName":"Group719.png","name":"Group719","width":6272,"height":2160,"thumbnail":{"url":"np://user.desktop.nicepage.com/Site_2460725406/images/thumbnails/Group719.png","width":250,"height":86}},{"id":"user-image-Group714.png","publicUrl":"np://user.desktop.nicepage.com/Site_2460725406/images/Group714.png","size":1452978,"fileName":"Group714.png","name":"Group714","width":6319,"height":2728,"thumbnail":{"url":"np://user.desktop.nicepage.com/Site_2460725406/images/thumbnails/Group714.png","width":250,"height":108}},{"id":"user-image-Frame6.png","publicUrl":"np://user.desktop.nicepage.com/Site_2460725406/images/Frame6.png","size":2162231,"fileName":"Frame6.png","name":"Frame6","width":6272,"height":3508,"thumbnail":{"url":"np://user.desktop.nicepage.com/Site_2460725406/images/thumbnails/Frame6.png","width":250,"height":140}},{"id":"user-image-Group720.png","publicUrl":"np://user.desktop.nicepage.com/Site_2460725406/images/Group720.png","size":86137,"fileName":"Group720.png","name":"Group720","width":3744,"height":1816,"thumbnail":{"url":"np://user.desktop.nicepage.com/Site_2460725406/images/thumbnails/Group720.png","width":250,"height":121}},{"id":"user-image-Group699.png","publicUrl":"np://user.desktop.nicepage.com/Site_2460725406/images/Group699.png","size":259521,"fileName":"Group699.png","name":"Group699","width":6272,"height":3208,"thumbnail":{"url":"np://user.desktop.nicepage.com/Site_2460725406/images/thumbnails/Group699.png","width":250,"height":128}},{"id":"user-image-Group701.png","publicUrl":"np://user.desktop.nicepage.com/Site_2460725406/images/Group701.png","size":458978,"fileName":"Group701.png","name":"Group701","width":3008,"height":3208,"thumbnail":{"url":"np://user.desktop.nicepage.com/Site_2460725406/images/thumbnails/Group701.png","width":234,"height":250}},{"id":"user-image-Group698.png","publicUrl":"np://user.desktop.nicepage.com/Site_2460725406/images/Group698.png","size":1168832,"fileName":"Group698.png","name":"Group698","width":6272,"height":2788,"thumbnail":{"url":"np://user.desktop.nicepage.com/Site_2460725406/images/thumbnails/Group698.png","width":250,"height":111}},{"id":"user-image-Group700.png","publicUrl":"np://user.desktop.nicepage.com/Site_2460725406/images/Group700.png","size":827803,"fileName":"Group700.png","name":"Group700","width":6272,"height":3208,"thumbnail":{"url":"np://user.desktop.nicepage.com/Site_2460725406/images/thumbnails/Group700.png","width":250,"height":128}},{"id":"user-image-Group697.png","publicUrl":"np://user.desktop.nicepage.com/Site_2460725406/images/Group697.png","size":2513549,"fileName":"Group697.png","name":"Group697","width":6272,"height":3532,"thumbnail":{"url":"np://user.desktop.nicepage.com/Site_2460725406/images/thumbnails/Group697.png","width":250,"height":141}},{"id":"user-image-Group721.png","publicUrl":"np://user.desktop.nicepage.com/Site_2460725406/images/Group721.png","size":419669,"fileName":"Group721.png","name":"Group721","width":6272,"height":4372,"thumbnail":{"url":"np://user.desktop.nicepage.com/Site_2460725406/images/thumbnails/Group721.png","width":250,"height":174}},{"id":"user-image-2099199.png","publicUrl":"np://user.desktop.nicepage.com/Site_2460725406/images/2099199.png","size":1306,"fileName":"2099199.png","name":"2099199","width":128,"height":128,"thumbnail":{"url":"np://user.desktop.nicepage.com/Site_2460725406/images/thumbnails/2099199.png","width":128,"height":128,"length":1306,"type":"png"}},{"id":"user-image-pic_of_me1.jpg","publicUrl":"np://user.desktop.nicepage.com/Site_2460725406/images/pic_of_me1.jpg","size":548033,"fileName":"pic_of_me1.jpg","name":"pic_of_me1","width":2408,"height":2408,"thumbnail":{"url":"np://user.desktop.nicepage.com/Site_2460725406/images/thumbnails/pic_of_me1.jpg","width":250,"height":250}},{"id":"user-image-cover_light.png","publicUrl":"np://user.desktop.nicepage.com/Site_2460725406/images/cover_light.png","size":279929,"fileName":"cover_light.png","name":"cover_light","width":7680,"height":3900,"thumbnail":{"url":"np://user.desktop.nicepage.com/Site_2460725406/images/thumbnails/cover_light.png","width":250,"height":127}},{"id":"user-image-online-learning-concept.png","publicUrl":"np://user.desktop.nicepage.com/Site_2460725406/images/online-learning-concept.png","size":157053,"fileName":"online-learning-concept.png","name":"online-learning-concept","width":3000,"height":3000,"thumbnail":{"url":"np://user.desktop.nicepage.com/Site_2460725406/images/thumbnails/online-learning-concept.png","width":250,"height":250}},{"id":"user-image-online-shopping-store.png","publicUrl":"np://user.desktop.nicepage.com/Site_2460725406/images/online-shopping-store.png","size":367307,"fileName":"online-shopping-store.png","name":"online-shopping-store","width":5279,"height":4168,"thumbnail":{"url":"np://user.desktop.nicepage.com/Site_2460725406/images/thumbnails/online-shopping-store.png","width":250,"height":197}},{"id":"user-image-hungryus_profile.jpg","publicUrl":"np://user.desktop.nicepage.com/Site_2460725406/images/hungryus_profile.jpg","size":70352,"fileName":"hungryus_profile.jpg","name":"hungryus_profile","width":1024,"height":1024,"thumbnail":{"url":"np://user.desktop.nicepage.com/Site_2460725406/images/thumbnails/hungryus_profile.jpg","width":250,"height":250}},{"id":"user-image-iot.png","publicUrl":"np://user.desktop.nicepage.com/Site_2460725406/images/iot.png","size":613253,"fileName":"iot.png","name":"iot","width":2432,"height":1884,"thumbnail":{"url":"np://user.desktop.nicepage.com/Site_2460725406/images/thumbnails/iot.png","width":250,"height":194}}]